qualifyid,raceid,driverid,constructorid,position_final,year,round,circuitid,circuitref,q3
9116,1051,1,131,1,2021,20,78,losail,80827.0
9134,1051,854,210,19,2021,20,78,losail,0.0
9133,1051,841,51,18,2021,20,78,losail,0.0
9132,1051,849,3,17,2021,20,78,losail,0.0
9131,1051,8,51,16,2021,20,78,losail,0.0
9130,1051,847,3,15,2021,20,78,losail,0.0
9129,1051,817,1,14,2021,20,78,losail,0.0
9128,1051,844,6,13,2021,20,78,losail,0.0
9127,1051,840,117,12,2021,20,78,losail,0.0
9126,1051,815,9,11,2021,20,78,losail,0.0
9125,1051,20,117,10,2021,20,78,losail,82785.0
9124,1051,839,214,9,2021,20,78,losail,82028.0
9123,1051,852,213,8,2021,20,78,losail,81881.0
9122,1051,832,6,7,2021,20,78,losail,81840.0
9121,1051,846,1,6,2021,20,78,losail,81731.0
9120,1051,4,214,5,2021,20,78,losail,81670.0
9119,1051,842,213,4,2021,20,78,losail,81640.0
9118,1051,822,131,3,2021,20,78,losail,81478.0
9135,1051,853,210,20,2021,20,78,losail,0.0
9117,1051,830,9,2,2021,20,78,losail,81282.0
8735,1052,830,9,1,2021,1,3,bahrain,88997.0
8754,1052,853,210,20,2021,1,3,bahrain,0.0
8738,1052,844,6,4,2021,1,3,bahrain,89678.0
8739,1052,842,213,5,2021,1,3,bahrain,89809.0
8740,1052,817,1,6,2021,1,3,bahrain,89927.0
8741,1052,846,1,7,2021,1,3,bahrain,89974.0
8742,1052,832,6,8,2021,1,3,bahrain,90215.0
8743,1052,4,214,9,2021,1,3,bahrain,90249.0
8744,1052,840,117,10,2021,1,3,bahrain,90601.0
8745,1052,815,9,11,2021,1,3,bahrain,0.0
8746,1052,841,51,12,2021,1,3,bahrain,0.0
8747,1052,852,213,13,2021,1,3,bahrain,0.0
8748,1052,8,51,14,2021,1,3,bahrain,0.0
8749,1052,847,3,15,2021,1,3,bahrain,0.0
8750,1052,839,214,16,2021,1,3,bahrain,0.0
8751,1052,849,3,17,2021,1,3,bahrain,0.0
8752,1052,20,117,18,2021,1,3,bahrain,0.0
8753,1052,854,210,19,2021,1,3,bahrain,0.0
8737,1052,822,131,3,2021,1,3,bahrain,89586.0
8736,1052,1,131,2,2021,1,3,bahrain,89385.0
8755,1053,1,131,1,2021,2,21,imola,74411.0
8756,1053,815,9,2,2021,2,21,imola,74446.0
8766,1053,847,3,12,2021,2,21,imola,0.0
8758,1053,844,6,4,2021,2,21,imola,74740.0
8759,1053,842,213,5,2021,2,21,imola,74790.0
8760,1053,817,1,6,2021,2,21,imola,74826.0
8761,1053,846,1,7,2021,2,21,imola,74875.0
8762,1053,822,131,8,2021,2,21,imola,74898.0
8763,1053,839,214,9,2021,2,21,imola,75210.0
8764,1053,840,117,10,2021,2,21,imola,0.0
8765,1053,832,6,11,2021,2,21,imola,0.0
8774,1053,852,213,20,2021,2,21,imola,0.0
8767,1053,20,117,13,2021,2,21,imola,0.0
8768,1053,849,3,14,2021,2,21,imola,0.0
8769,1053,4,214,15,2021,2,21,imola,0.0
8770,1053,8,51,16,2021,2,21,imola,0.0
8771,1053,841,51,17,2021,2,21,imola,0.0
8772,1053,854,210,18,2021,2,21,imola,0.0
8773,1053,853,210,19,2021,2,21,imola,0.0
8757,1053,830,9,3,2021,2,21,imola,74498.0
8776,1054,1,131,2,2021,3,75,portimao,78355.0
8777,1054,830,9,3,2021,3,75,portimao,78746.0
8775,1054,822,131,1,2021,3,75,portimao,78348.0
8794,1054,853,210,20,2021,3,75,portimao,0.0
8792,1054,849,3,18,2021,3,75,portimao,0.0
8791,1054,840,117,17,2021,3,75,portimao,0.0
8790,1054,817,1,16,2021,3,75,portimao,0.0
8789,1054,8,51,15,2021,3,75,portimao,0.0
8788,1054,852,213,14,2021,3,75,portimao,0.0
8787,1054,4,214,13,2021,3,75,portimao,0.0
8786,1054,841,51,12,2021,3,75,portimao,0.0
8785,1054,847,3,11,2021,3,75,portimao,0.0
8784,1054,20,117,10,2021,3,75,portimao,79659.0
8783,1054,842,213,9,2021,3,75,portimao,79475.0
8782,1054,844,6,8,2021,3,75,portimao,79306.0
8781,1054,846,1,7,2021,3,75,portimao,79116.0
8780,1054,839,214,6,2021,3,75,portimao,79042.0
8779,1054,832,6,5,2021,3,75,portimao,79039.0
8778,1054,815,9,4,2021,3,75,portimao,78890.0
8793,1054,854,210,19,2021,3,75,portimao,0.0
8797,1055,822,131,3,2021,4,4,catalunya,76873.0
8798,1055,844,6,4,2021,4,4,catalunya,77510.0
8814,1055,853,210,20,2021,4,4,catalunya,0.0
8799,1055,839,214,5,2021,4,4,catalunya,77580.0
8800,1055,832,6,6,2021,4,4,catalunya,77620.0
8801,1055,817,1,7,2021,4,4,catalunya,77622.0
8802,1055,815,9,8,2021,4,4,catalunya,77701.0
8803,1055,846,1,9,2021,4,4,catalunya,78010.0
8804,1055,4,214,10,2021,4,4,catalunya,78147.0
8796,1055,830,9,2,2021,4,4,catalunya,76777.0
8806,1055,842,213,12,2021,4,4,catalunya,0.0
8807,1055,20,117,13,2021,4,4,catalunya,0.0
8808,1055,841,51,14,2021,4,4,catalunya,0.0
8809,1055,847,3,15,2021,4,4,catalunya,0.0
8810,1055,852,213,16,2021,4,4,catalunya,0.0
8811,1055,8,51,17,2021,4,4,catalunya,0.0
8812,1055,854,210,18,2021,4,4,catalunya,0.0
8813,1055,849,3,19,2021,4,4,catalunya,0.0
8795,1055,1,131,1,2021,4,4,catalunya,76741.0
8805,1055,840,117,11,2021,4,4,catalunya,0.0
8829,1056,847,3,15,2021,5,6,monaco,0.0
8828,1056,8,51,14,2021,5,6,monaco,0.0
8831,1056,4,214,17,2021,5,6,monaco,0.0
8830,1056,852,213,16,2021,5,6,monaco,0.0
8827,1056,840,117,13,2021,5,6,monaco,0.0
8826,1056,817,1,12,2021,5,6,monaco,0.0
8825,1056,839,214,11,2021,5,6,monaco,0.0
8824,1056,841,51,10,2021,5,6,monaco,71779.0
8832,1056,849,3,18,2021,5,6,monaco,0.0
8823,1056,815,9,9,2021,5,6,monaco,71573.0
8821,1056,1,131,7,2021,5,6,monaco,71095.0
8820,1056,842,213,6,2021,5,6,monaco,70900.0
8818,1056,832,6,4,2021,5,6,monaco,70611.0
8817,1056,822,131,3,2021,5,6,monaco,70601.0
8816,1056,830,9,2,2021,5,6,monaco,70576.0
8815,1056,844,6,1,2021,5,6,monaco,70346.0
8822,1056,20,117,8,2021,5,6,monaco,71419.0
8833,1056,853,210,19,2021,5,6,monaco,0.0
8819,1056,846,1,5,2021,5,6,monaco,70620.0
8834,1057,844,6,1,2021,6,73,baku,101218.0
8837,1057,842,213,4,2021,6,73,baku,101565.0
8838,1057,832,6,5,2021,6,73,baku,101576.0
8839,1057,846,1,6,2021,6,73,baku,101747.0
8840,1057,815,9,7,2021,6,73,baku,101917.0
8853,1057,841,51,20,2021,6,73,baku,0.0
8841,1057,852,213,8,2021,6,73,baku,102211.0
8842,1057,4,214,9,2021,6,73,baku,102327.0
8843,1057,822,131,10,2021,6,73,baku,102659.0
8844,1057,20,117,11,2021,6,73,baku,0.0
8836,1057,830,9,3,2021,6,73,baku,101563.0
8846,1057,817,1,13,2021,6,73,baku,0.0
8847,1057,8,51,14,2021,6,73,baku,0.0
8848,1057,847,3,15,2021,6,73,baku,0.0
8835,1057,1,131,2,2021,6,73,baku,101450.0
8849,1057,849,3,16,2021,6,73,baku,0.0
8850,1057,854,210,17,2021,6,73,baku,0.0
8851,1057,853,210,18,2021,6,73,baku,0.0
8852,1057,840,117,19,2021,6,73,baku,0.0
8845,1057,839,214,12,2021,6,73,baku,0.0
8886,1058,817,1,13,2021,8,70,red_bull_ring,0.0
8887,1058,20,117,14,2021,8,70,red_bull_ring,0.0
8888,1058,841,51,15,2021,8,70,red_bull_ring,0.0
8893,1058,853,210,20,2021,8,70,red_bull_ring,0.0
8890,1058,839,214,17,2021,8,70,red_bull_ring,0.0
8891,1058,8,51,18,2021,8,70,red_bull_ring,0.0
8892,1058,854,210,19,2021,8,70,red_bull_ring,0.0
8889,1058,849,3,16,2021,8,70,red_bull_ring,0.0
8885,1058,832,6,12,2021,8,70,red_bull_ring,0.0
8884,1058,847,3,11,2021,8,70,red_bull_ring,0.0
8882,1058,4,214,9,2021,8,70,red_bull_ring,64574.0
8874,1058,830,9,1,2021,8,70,red_bull_ring,63841.0
8875,1058,822,131,2,2021,8,70,red_bull_ring,64035.0
8876,1058,1,131,3,2021,8,70,red_bull_ring,64066.99999999999
8877,1058,846,1,4,2021,8,70,red_bull_ring,64120.00000000001
8883,1058,840,117,10,2021,8,70,red_bull_ring,64708.0
8879,1058,842,213,6,2021,8,70,red_bull_ring,64236.00000000001
8880,1058,844,6,7,2021,8,70,red_bull_ring,64471.99999999999
8881,1058,852,213,8,2021,8,70,red_bull_ring,64513.99999999999
8878,1058,815,9,5,2021,8,70,red_bull_ring,64168.00000000001
8870,1059,8,51,17,2021,7,34,ricard,0.0
8869,1059,849,3,16,2021,7,34,ricard,0.0
8868,1059,854,210,15,2021,7,34,ricard,0.0
8867,1059,847,3,14,2021,7,34,ricard,0.0
8866,1059,841,51,13,2021,7,34,ricard,0.0
8865,1059,20,117,12,2021,7,34,ricard,0.0
8864,1059,839,214,11,2021,7,34,ricard,0.0
8863,1059,817,1,10,2021,7,34,ricard,91382.0
8862,1059,4,214,9,2021,7,34,ricard,91340.0
8860,1059,844,6,7,2021,7,34,ricard,90987.0
8859,1059,842,213,6,2021,7,34,ricard,90868.0
8858,1059,832,6,5,2021,7,34,ricard,90840.0
8871,1059,853,210,18,2021,7,34,ricard,0.0
8856,1059,822,131,3,2021,7,34,ricard,90376.0
8855,1059,1,131,2,2021,7,34,ricard,90248.0
8854,1059,830,9,1,2021,7,34,ricard,89990.0
8872,1059,840,117,19,2021,7,34,ricard,0.0
8873,1059,852,213,20,2021,7,34,ricard,0.0
8861,1059,846,1,8,2021,7,34,ricard,91252.0
8857,1059,815,9,4,2021,7,34,ricard,90445.0
8894,1060,830,9,1,2021,9,70,red_bull_ring,63720.0
8903,1060,840,117,10,2021,9,70,red_bull_ring,64617.99999999999
8896,1060,815,9,3,2021,9,70,red_bull_ring,63990.0
8897,1060,1,131,4,2021,9,70,red_bull_ring,64013.99999999999
8898,1060,822,131,5,2021,9,70,red_bull_ring,64049.00000000001
8913,1060,853,210,20,2021,9,70,red_bull_ring,0.0
8899,1060,842,213,6,2021,9,70,red_bull_ring,64107.0
8900,1060,852,213,7,2021,9,70,red_bull_ring,64272.99999999999
8901,1060,20,117,8,2021,9,70,red_bull_ring,64569.99999999999
8902,1060,847,3,9,2021,9,70,red_bull_ring,64590.99999999999
8912,1060,854,210,19,2021,9,70,red_bull_ring,0.0
8904,1060,832,6,11,2021,9,70,red_bull_ring,0.0
8905,1060,844,6,12,2021,9,70,red_bull_ring,0.0
8906,1060,817,1,13,2021,9,70,red_bull_ring,0.0
8907,1060,4,214,14,2021,9,70,red_bull_ring,0.0
8908,1060,841,51,15,2021,9,70,red_bull_ring,0.0
8909,1060,8,51,16,2021,9,70,red_bull_ring,0.0
8910,1060,839,214,17,2021,9,70,red_bull_ring,0.0
8911,1060,849,3,18,2021,9,70,red_bull_ring,0.0
8895,1060,846,1,2,2021,9,70,red_bull_ring,63768.0
8915,1061,830,9,2,2021,10,9,silverstone,86209.0
8914,1061,1,131,1,2021,10,9,silverstone,86134.0
8933,1061,853,210,20,2021,10,9,silverstone,0.0
8930,1061,8,51,17,2021,10,9,silverstone,0.0
8929,1061,852,213,16,2021,10,9,silverstone,0.0
8928,1061,840,117,15,2021,10,9,silverstone,0.0
8927,1061,841,51,14,2021,10,9,silverstone,0.0
8926,1061,839,214,13,2021,10,9,silverstone,0.0
8925,1061,842,213,12,2021,10,9,silverstone,0.0
8924,1061,4,214,11,2021,10,9,silverstone,0.0
8923,1061,20,117,10,2021,10,9,silverstone,87179.0
8922,1061,832,6,9,2021,10,9,silverstone,87007.0
8921,1061,847,3,8,2021,10,9,silverstone,86971.0
8920,1061,817,1,7,2021,10,9,silverstone,86899.0
8919,1061,846,1,6,2021,10,9,silverstone,86897.0
8918,1061,815,9,5,2021,10,9,silverstone,86844.0
8917,1061,844,6,4,2021,10,9,silverstone,86828.0
8916,1061,822,131,3,2021,10,9,silverstone,86328.0
8931,1061,849,3,18,2021,10,9,silverstone,0.0
8932,1061,854,210,19,2021,10,9,silverstone,0.0
8936,1062,830,9,3,2021,11,11,hungaroring,75840.0
8953,1062,854,210,20,2021,11,11,hungaroring,0.0
8937,1062,815,9,4,2021,11,11,hungaroring,76421.0
8938,1062,842,213,5,2021,11,11,hungaroring,76483.0
8939,1062,846,1,6,2021,11,11,hungaroring,76489.0
8940,1062,844,6,7,2021,11,11,hungaroring,76496.0
8941,1062,839,214,8,2021,11,11,hungaroring,76653.0
8942,1062,4,214,9,2021,11,11,hungaroring,76715.0
8943,1062,20,117,10,2021,11,11,hungaroring,76750.0
8935,1062,822,131,2,2021,11,11,hungaroring,75734.0
8934,1062,1,131,1,2021,11,11,hungaroring,75419.0
8946,1062,8,51,13,2021,11,11,hungaroring,0.0
8947,1062,841,51,14,2021,11,11,hungaroring,0.0
8948,1062,832,6,15,2021,11,11,hungaroring,0.0
8949,1062,852,213,16,2021,11,11,hungaroring,0.0
8950,1062,847,3,17,2021,11,11,hungaroring,0.0
8951,1062,849,3,18,2021,11,11,hungaroring,0.0
8952,1062,853,210,19,2021,11,11,hungaroring,0.0
8945,1062,840,117,12,2021,11,11,hungaroring,0.0
8944,1062,817,1,11,2021,11,11,hungaroring,0.0
8958,1063,20,117,5,2021,12,13,spa,120935.0
8963,1063,846,1,10,2021,12,13,spa,0.0
8971,1063,854,210,18,2021,12,13,spa,0.0
8970,1063,852,213,17,2021,12,13,spa,0.0
8969,1063,841,51,16,2021,12,13,spa,0.0
8968,1063,840,117,15,2021,12,13,spa,0.0
8967,1063,4,214,14,2021,12,13,spa,0.0
8966,1063,832,6,13,2021,12,13,spa,0.0
8965,1063,849,3,12,2021,12,13,spa,0.0
8964,1063,844,6,11,2021,12,13,spa,0.0
8973,1063,853,210,20,2021,12,13,spa,0.0
8962,1063,839,214,9,2021,12,13,spa,123513.0
8961,1063,822,131,8,2021,12,13,spa,122502.0
8960,1063,815,9,7,2021,12,13,spa,122112.0
8959,1063,842,213,6,2021,12,13,spa,121164.0
8957,1063,817,1,4,2021,12,13,spa,120864.0
8956,1063,1,131,3,2021,12,13,spa,120099.0
8955,1063,847,3,2,2021,12,13,spa,120086.0
8954,1063,830,9,1,2021,12,13,spa,119765.0
8972,1063,8,51,19,2021,12,13,spa,0.0
8975,1064,1,131,2,2021,13,39,zandvoort,68923.0
8974,1064,830,9,1,2021,13,39,zandvoort,68885.0
8993,1064,853,210,20,2021,13,39,zandvoort,0.0
8990,1064,20,117,17,2021,13,39,zandvoort,0.0
8989,1064,815,9,16,2021,13,39,zandvoort,0.0
8988,1064,852,213,15,2021,13,39,zandvoort,0.0
8987,1064,849,3,14,2021,13,39,zandvoort,0.0
8986,1064,846,1,13,2021,13,39,zandvoort,0.0
8985,1064,840,117,12,2021,13,39,zandvoort,0.0
8984,1064,847,3,11,2021,13,39,zandvoort,0.0
8983,1064,817,1,10,2021,13,39,zandvoort,70166.0
8982,1064,4,214,9,2021,13,39,zandvoort,69956.0
8981,1064,839,214,8,2021,13,39,zandvoort,69933.0
8980,1064,841,51,7,2021,13,39,zandvoort,69590.0
8979,1064,832,6,6,2021,13,39,zandvoort,69537.0
8978,1064,844,6,5,2021,13,39,zandvoort,69527.0
8977,1064,842,213,4,2021,13,39,zandvoort,69478.0
8976,1064,822,131,3,2021,13,39,zandvoort,69222.0
8991,1064,9,51,18,2021,13,39,zandvoort,0.0
8992,1064,854,210,19,2021,13,39,zandvoort,0.0
8996,1065,830,9,3,2021,14,14,monza,79966.0
9013,1065,853,210,20,2021,14,14,monza,0.0
8997,1065,846,1,4,2021,14,14,monza,79989.0
8998,1065,817,1,5,2021,14,14,monza,79995.0
8999,1065,842,213,6,2021,14,14,monza,80260.0
9000,1065,832,6,7,2021,14,14,monza,80462.0
9001,1065,844,6,8,2021,14,14,monza,80510.0
9002,1065,815,9,9,2021,14,14,monza,80611.0
9003,1065,841,51,10,2021,14,14,monza,80808.0
8995,1065,1,131,2,2021,14,14,monza,79651.0
8994,1065,822,131,1,2021,14,14,monza,79555.0
9006,1065,4,214,13,2021,14,14,monza,0.0
9007,1065,839,214,14,2021,14,14,monza,0.0
9008,1065,847,3,15,2021,14,14,monza,0.0
9009,1065,849,3,16,2021,14,14,monza,0.0
9010,1065,852,213,17,2021,14,14,monza,0.0
9011,1065,854,210,18,2021,14,14,monza,0.0
9012,1065,9,51,19,2021,14,14,monza,0.0
9005,1065,840,117,12,2021,14,14,monza,0.0
9004,1065,20,117,11,2021,14,14,monza,0.0
9019,1066,4,214,6,2021,15,71,sochi,104204.0
9033,1066,830,9,20,2021,15,71,sochi,0.0
9014,1066,846,1,1,2021,15,71,sochi,101993.0
9015,1066,832,6,2,2021,15,71,sochi,102510.0
9016,1066,847,3,3,2021,15,71,sochi,102983.0
9017,1066,1,131,4,2021,15,71,sochi,104050.0
9018,1066,817,1,5,2021,15,71,sochi,104156.0
9020,1066,822,131,7,2021,15,71,sochi,104710.0
9021,1066,840,117,8,2021,15,71,sochi,104956.0
9022,1066,815,9,9,2021,15,71,sochi,105337.0
9023,1066,839,214,10,2021,15,71,sochi,105865.0
9024,1066,20,117,11,2021,15,71,sochi,0.0
9025,1066,842,213,12,2021,15,71,sochi,0.0
9026,1066,852,213,13,2021,15,71,sochi,0.0
9027,1066,849,3,14,2021,15,71,sochi,0.0
9028,1066,844,6,15,2021,15,71,sochi,0.0
9029,1066,8,51,16,2021,15,71,sochi,0.0
9030,1066,854,210,17,2021,15,71,sochi,0.0
9031,1066,841,51,18,2021,15,71,sochi,0.0
9032,1066,853,210,19,2021,15,71,sochi,0.0
9036,1067,1,131,1,2021,16,5,istanbul,82868.0
9037,1067,822,131,2,2021,16,5,istanbul,82998.0
9055,1067,853,210,20,2021,16,5,istanbul,0.0
9039,1067,844,6,4,2021,16,5,istanbul,83265.0
9040,1067,842,213,5,2021,16,5,istanbul,83326.0
9041,1067,4,214,6,2021,16,5,istanbul,83477.0
9042,1067,815,9,7,2021,16,5,istanbul,83706.0
9043,1067,846,1,8,2021,16,5,istanbul,83954.0
9044,1067,840,117,9,2021,16,5,istanbul,84305.0
9045,1067,852,213,10,2021,16,5,istanbul,84368.0
9038,1067,830,9,3,2021,16,5,istanbul,83196.0
9046,1067,20,117,11,2021,16,5,istanbul,0.0
9047,1067,839,214,12,2021,16,5,istanbul,0.0
9048,1067,847,3,13,2021,16,5,istanbul,0.0
9049,1067,854,210,14,2021,16,5,istanbul,0.0
9050,1067,832,6,15,2021,16,5,istanbul,0.0
9051,1067,817,1,16,2021,16,5,istanbul,0.0
9052,1067,849,3,17,2021,16,5,istanbul,0.0
9053,1067,841,51,18,2021,16,5,istanbul,0.0
9054,1067,8,51,19,2021,16,5,istanbul,0.0
9057,1069,1,131,2,2021,17,69,americas,93119.0
9058,1069,815,9,3,2021,17,69,americas,93134.0
9074,1069,854,210,19,2021,17,69,americas,0.0
9059,1069,822,131,4,2021,17,69,americas,93475.0
9060,1069,844,6,5,2021,17,69,americas,93606.0
9061,1069,832,6,6,2021,17,69,americas,93792.0
9062,1069,817,1,7,2021,17,69,americas,93808.0
9063,1069,846,1,8,2021,17,69,americas,93887.0
9064,1069,842,213,9,2021,17,69,americas,94118.0
9065,1069,852,213,10,2021,17,69,americas,94918.0
9066,1069,839,214,11,2021,17,69,americas,0.0
9067,1069,20,117,12,2021,17,69,americas,0.0
9068,1069,841,51,13,2021,17,69,americas,0.0
9069,1069,4,214,14,2021,17,69,americas,0.0
9070,1069,847,3,15,2021,17,69,americas,0.0
9071,1069,840,117,16,2021,17,69,americas,0.0
9072,1069,849,3,17,2021,17,69,americas,0.0
9073,1069,8,51,18,2021,17,69,americas,0.0
9075,1069,853,210,20,2021,17,69,americas,0.0
9056,1069,830,9,1,2021,17,69,americas,92910.0
9086,1070,20,117,11,2021,18,32,rodriguez,0.0
9094,1070,853,210,19,2021,18,32,rodriguez,0.0
9077,1070,1,131,2,2021,18,32,rodriguez,76020.0
9078,1070,830,9,3,2021,18,32,rodriguez,76225.0
9079,1070,815,9,4,2021,18,32,rodriguez,76342.0
9080,1070,842,213,5,2021,18,32,rodriguez,76456.0
9081,1070,832,6,6,2021,18,32,rodriguez,76761.0
9082,1070,817,1,7,2021,18,32,rodriguez,76763.0
9083,1070,844,6,8,2021,18,32,rodriguez,76837.0
9095,1070,840,117,20,2021,18,32,rodriguez,0.0
9084,1070,852,213,9,2021,18,32,rodriguez,77158.0
9087,1070,8,51,12,2021,18,32,rodriguez,0.0
9088,1070,847,3,13,2021,18,32,rodriguez,0.0
9089,1070,841,51,14,2021,18,32,rodriguez,0.0
9090,1070,839,214,15,2021,18,32,rodriguez,0.0
9091,1070,4,214,16,2021,18,32,rodriguez,0.0
9092,1070,849,3,17,2021,18,32,rodriguez,0.0
9093,1070,854,210,18,2021,18,32,rodriguez,0.0
9085,1070,846,1,10,2021,18,32,rodriguez,96830.0
9076,1070,822,131,1,2021,18,32,rodriguez,75875.0
9100,1071,842,213,5,2021,19,18,interlagos,68777.0
9114,1071,854,210,19,2021,19,18,interlagos,0.0
9115,1071,853,210,20,2021,19,18,interlagos,0.0
9097,1071,830,9,2,2021,19,18,interlagos,68372.0
9098,1071,822,131,3,2021,19,18,interlagos,68469.0
9099,1071,815,9,4,2021,19,18,interlagos,68483.0
9096,1071,1,131,1,2021,19,18,interlagos,67934.0
9102,1071,844,6,7,2021,19,18,interlagos,68960.0
9103,1071,846,1,8,2021,19,18,interlagos,68980.0
9104,1071,817,1,9,2021,19,18,interlagos,69039.0
9101,1071,832,6,6,2021,19,18,interlagos,68826.0
9106,1071,839,214,11,2021,19,18,interlagos,0.0
9107,1071,20,117,12,2021,19,18,interlagos,0.0
9108,1071,852,213,13,2021,19,18,interlagos,0.0
9109,1071,8,51,14,2021,19,18,interlagos,0.0
9110,1071,841,51,15,2021,19,18,interlagos,0.0
9111,1071,840,117,16,2021,19,18,interlagos,0.0
9112,1071,849,3,17,2021,19,18,interlagos,0.0
9105,1071,4,214,10,2021,19,18,interlagos,69113.0
9113,1071,847,3,18,2021,19,18,interlagos,0.0
9148,1072,4,214,13,2021,21,77,jeddah,0.0
9149,1072,847,3,14,2021,21,77,jeddah,0.0
9150,1072,832,6,15,2021,21,77,jeddah,0.0
9154,1072,854,210,19,2021,21,77,jeddah,0.0
9152,1072,20,117,17,2021,21,77,jeddah,0.0
9153,1072,840,117,18,2021,21,77,jeddah,0.0
9155,1072,853,210,20,2021,21,77,jeddah,0.0
9147,1072,8,51,12,2021,21,77,jeddah,0.0
9151,1072,849,3,16,2021,21,77,jeddah,0.0
9146,1072,817,1,11,2021,21,77,jeddah,0.0
9140,1072,815,9,5,2021,21,77,jeddah,88123.0
9144,1072,839,214,9,2021,21,77,jeddah,88647.0
9143,1072,852,213,8,2021,21,77,jeddah,88442.0
9142,1072,846,1,7,2021,21,77,jeddah,88180.0
9141,1072,842,213,6,2021,21,77,jeddah,88125.0
9139,1072,844,6,4,2021,21,77,jeddah,88054.0
9138,1072,830,9,3,2021,21,77,jeddah,87653.0
9137,1072,822,131,2,2021,21,77,jeddah,87622.0
9136,1072,1,131,1,2021,21,77,jeddah,87511.0
9145,1072,841,51,10,2021,21,77,jeddah,88754.0
9168,1073,840,117,13,2021,22,24,yas_marina,0.0
9169,1073,841,51,14,2021,22,24,yas_marina,0.0
9170,1073,20,117,15,2021,22,24,yas_marina,0.0
9167,1073,842,213,12,2021,22,24,yas_marina,0.0
9172,1073,847,3,17,2021,22,24,yas_marina,0.0
9173,1073,8,51,18,2021,22,24,yas_marina,0.0
9174,1073,854,210,19,2021,22,24,yas_marina,0.0
9175,1073,853,210,20,2021,22,24,yas_marina,0.0
9166,1073,4,214,11,2021,22,24,yas_marina,0.0
9171,1073,849,3,16,2021,22,24,yas_marina,0.0
9164,1073,839,214,9,2021,22,24,yas_marina,83389.0
9156,1073,830,9,1,2021,22,24,yas_marina,82109.0
9157,1073,1,131,2,2021,22,24,yas_marina,82480.0
9158,1073,846,1,3,2021,22,24,yas_marina,82931.0
9159,1073,815,9,4,2021,22,24,yas_marina,82947.0
9165,1073,817,1,10,2021,22,24,yas_marina,83409.0
9161,1073,822,131,6,2021,22,24,yas_marina,83036.0
9162,1073,844,6,7,2021,22,24,yas_marina,83122.0
9163,1073,852,213,8,2021,22,24,yas_marina,83220.0
9160,1073,832,6,5,2021,22,24,yas_marina,82992.0
9187,1074,854,210,12,2022,1,3,bahrain,0.0
9194,1074,840,117,19,2022,1,3,bahrain,0.0
9193,1074,817,1,18,2022,1,3,bahrain,0.0
9192,1074,807,117,17,2022,1,3,bahrain,0.0
9191,1074,852,213,16,2022,1,3,bahrain,0.0
9190,1074,855,51,15,2022,1,3,bahrain,0.0
9189,1074,848,3,14,2022,1,3,bahrain,0.0
9188,1074,846,1,13,2022,1,3,bahrain,0.0
9186,1074,839,214,11,2022,1,3,bahrain,0.0
9195,1074,849,3,20,2022,1,3,bahrain,0.0
9184,1074,847,131,9,2022,1,3,bahrain,92216.0
9176,1074,844,6,1,2022,1,3,bahrain,90558.0
9177,1074,830,9,2,2022,1,3,bahrain,90681.0
9178,1074,832,6,3,2022,1,3,bahrain,90687.0
9179,1074,815,9,4,2022,1,3,bahrain,90921.0
9185,1074,842,213,10,2022,1,3,bahrain,92338.0
9181,1074,822,51,6,2022,1,3,bahrain,91560.0
9182,1074,825,210,7,2022,1,3,bahrain,91808.0
9183,1074,4,214,8,2022,1,3,bahrain,92195.0
9180,1074,1,131,5,2022,1,3,bahrain,91238.0
9215,1075,832,6,3,2022,2,77,jeddah,88402.0
9231,1075,849,3,19,2022,2,77,jeddah,0.0
9230,1075,807,117,18,2022,2,77,jeddah,0.0
9229,1075,848,3,17,2022,2,77,jeddah,0.0
9228,1075,1,131,16,2022,2,77,jeddah,0.0
9227,1075,840,117,15,2022,2,77,jeddah,0.0
9226,1075,854,210,14,2022,2,77,jeddah,0.0
9213,1075,815,9,1,2022,2,77,jeddah,88200.0
9214,1075,844,6,2,2022,2,77,jeddah,88225.0
9232,1075,852,213,20,2022,2,77,jeddah,0.0
9216,1075,830,9,4,2022,2,77,jeddah,88461.0
9218,1075,847,131,6,2022,2,77,jeddah,89104.0
9219,1075,4,214,7,2022,2,77,jeddah,89147.0
9220,1075,822,51,8,2022,2,77,jeddah,89183.0
9221,1075,842,213,9,2022,2,77,jeddah,89254.0
9222,1075,825,210,10,2022,2,77,jeddah,89588.0
9223,1075,846,1,11,2022,2,77,jeddah,0.0
9224,1075,817,1,12,2022,2,77,jeddah,0.0
9225,1075,855,51,13,2022,2,77,jeddah,0.0
9217,1075,839,214,5,2022,2,77,jeddah,89068.0
9245,1076,852,213,13,2022,3,1,albert_park,0.0
9246,1076,855,51,14,2022,3,1,albert_park,0.0
9247,1076,854,210,15,2022,3,1,albert_park,0.0
9244,1076,822,51,12,2022,3,1,albert_park,0.0
9249,1076,825,210,17,2022,3,1,albert_park,0.0
9250,1076,20,117,18,2022,3,1,albert_park,0.0
9251,1076,849,3,19,2022,3,1,albert_park,0.0
9248,1076,848,3,16,2022,3,1,albert_park,0.0
9243,1076,842,213,11,2022,3,1,albert_park,0.0
9252,1076,840,117,20,2022,3,1,albert_park,0.0
9241,1076,832,6,9,2022,3,1,albert_park,79408.0
9233,1076,844,6,1,2022,3,1,albert_park,77868.0
9234,1076,830,9,2,2022,3,1,albert_park,78154.0
9235,1076,815,9,3,2022,3,1,albert_park,78240.0
9236,1076,846,1,4,2022,3,1,albert_park,78703.0
9242,1076,4,214,10,2022,3,1,albert_park,0.0
9238,1076,847,131,6,2022,3,1,albert_park,78933.0
9239,1076,817,1,7,2022,3,1,albert_park,79032.0
9240,1076,839,214,8,2022,3,1,albert_park,79061.0
9237,1076,1,131,5,2022,3,1,albert_park,78825.0
9272,1077,848,3,20,2022,4,21,imola,0.0
9271,1077,839,214,19,2022,4,21,imola,0.0
9270,1077,849,3,18,2022,4,21,imola,0.0
9269,1077,842,213,17,2022,4,21,imola,0.0
9268,1077,852,213,16,2022,4,21,imola,0.0
9267,1077,840,117,15,2022,4,21,imola,0.0
9266,1077,855,51,14,2022,4,21,imola,0.0
9264,1077,854,210,12,2022,4,21,imola,0.0
9263,1077,847,131,11,2022,4,21,imola,0.0
9265,1077,1,131,13,2022,4,21,imola,0.0
9261,1077,20,117,9,2022,4,21,imola,91062.0
9253,1077,830,9,1,2022,4,21,imola,87999.0
9254,1077,844,6,2,2022,4,21,imola,88778.0
9255,1077,846,1,3,2022,4,21,imola,89131.0
9256,1077,825,210,4,2022,4,21,imola,89164.0
9262,1077,832,6,10,2022,4,21,imola,0.0
9258,1077,817,1,6,2022,4,21,imola,89742.0
9259,1077,815,9,7,2022,4,21,imola,89808.0
9260,1077,822,51,8,2022,4,21,imola,90439.0
9257,1077,4,214,5,2022,4,21,imola,89202.0
9283,1078,4,214,11,2022,5,79,miami,0.0
9291,1078,849,3,19,2022,5,79,miami,0.0
9290,1078,848,3,18,2022,5,79,miami,0.0
9289,1078,855,51,17,2022,5,79,miami,0.0
9288,1078,825,210,16,2022,5,79,miami,0.0
9287,1078,854,210,15,2022,5,79,miami,0.0
9286,1078,817,1,14,2022,5,79,miami,0.0
9285,1078,20,117,13,2022,5,79,miami,0.0
9284,1078,847,131,12,2022,5,79,miami,0.0
9292,1078,839,214,20,2022,5,79,miami,0.0
9282,1078,840,117,10,2022,5,79,miami,90676.0
9280,1078,846,1,8,2022,5,79,miami,89750.0
9273,1078,844,6,1,2022,5,79,miami,88796.0
9274,1078,832,6,2,2022,5,79,miami,88986.0
9275,1078,830,9,3,2022,5,79,miami,88991.0
9281,1078,852,213,9,2022,5,79,miami,89932.0
9277,1078,822,51,5,2022,5,79,miami,89475.0
9278,1078,1,131,6,2022,5,79,miami,89625.0
9279,1078,842,213,7,2022,5,79,miami,89690.0
9276,1078,815,9,4,2022,5,79,miami,89036.0
9304,1079,839,214,12,2022,6,4,catalunya,0.0
9311,1079,848,3,19,2022,6,4,catalunya,0.0
9310,1079,840,117,18,2022,6,4,catalunya,0.0
9309,1079,4,214,17,2022,6,4,catalunya,0.0
9308,1079,20,117,16,2022,6,4,catalunya,0.0
9307,1079,855,51,15,2022,6,4,catalunya,0.0
9306,1079,842,213,14,2022,6,4,catalunya,0.0
9305,1079,852,213,13,2022,6,4,catalunya,0.0
9312,1079,849,3,20,2022,6,4,catalunya,0.0
9303,1079,846,1,11,2022,6,4,catalunya,0.0
9301,1079,817,1,9,2022,6,4,catalunya,80297.0
9300,1079,825,210,8,2022,6,4,catalunya,79682.0
9299,1079,822,51,7,2022,6,4,catalunya,79608.0
9298,1079,1,131,6,2022,6,4,catalunya,79512.0
9297,1079,815,9,5,2022,6,4,catalunya,79420.0
9296,1079,847,131,4,2022,6,4,catalunya,79393.0
9295,1079,832,6,3,2022,6,4,catalunya,79166.0
9294,1079,830,9,2,2022,6,4,catalunya,79073.0
9293,1079,844,6,1,2022,6,4,catalunya,78750.0
9302,1079,854,210,10,2022,6,4,catalunya,80368.0
9325,1080,825,210,13,2022,7,6,monaco,0.0
9326,1080,817,1,14,2022,7,6,monaco,0.0
9327,1080,854,210,15,2022,7,6,monaco,0.0
9328,1080,848,3,16,2022,7,6,monaco,0.0
9324,1080,822,51,12,2022,7,6,monaco,0.0
9330,1080,840,117,18,2022,7,6,monaco,0.0
9331,1080,849,3,19,2022,7,6,monaco,0.0
9332,1080,855,51,20,2022,7,6,monaco,0.0
9329,1080,842,213,17,2022,7,6,monaco,0.0
9323,1080,852,213,11,2022,7,6,monaco,0.0
9313,1080,844,6,1,2022,7,6,monaco,71376.0
9321,1080,20,117,9,2022,7,6,monaco,72732.0
9314,1080,832,6,2,2022,7,6,monaco,71601.0
9315,1080,815,9,3,2022,7,6,monaco,71629.0
9316,1080,830,9,4,2022,7,6,monaco,71666.0
9322,1080,839,214,10,2022,7,6,monaco,73047.0
9318,1080,847,131,6,2022,7,6,monaco,72112.0
9319,1080,4,214,7,2022,7,6,monaco,72247.0
9320,1080,1,131,8,2022,7,6,monaco,72560.0
9317,1080,846,1,5,2022,7,6,monaco,71849.0
9344,1081,817,1,12,2022,8,73,baku,0.0
9351,1081,840,117,19,2022,8,73,baku,0.0
9350,1081,849,3,18,2022,8,73,baku,0.0
9349,1081,848,3,17,2022,8,73,baku,0.0
9348,1081,825,210,16,2022,8,73,baku,0.0
9347,1081,822,51,15,2022,8,73,baku,0.0
9346,1081,855,51,14,2022,8,73,baku,0.0
9345,1081,839,214,13,2022,8,73,baku,0.0
9343,1081,846,1,11,2022,8,73,baku,0.0
9352,1081,854,210,20,2022,8,73,baku,0.0
9341,1081,20,117,9,2022,8,73,baku,103091.0
9333,1081,844,6,1,2022,8,73,baku,101359.0
9334,1081,815,9,2,2022,8,73,baku,101641.0
9335,1081,830,9,3,2022,8,73,baku,101706.0
9336,1081,832,6,4,2022,8,73,baku,101814.0
9342,1081,4,214,10,2022,8,73,baku,103173.0
9338,1081,842,213,6,2022,8,73,baku,102845.0
9339,1081,1,131,7,2022,8,73,baku,102924.0
9340,1081,852,213,8,2022,8,73,baku,103056.0
9337,1081,847,131,5,2022,8,73,baku,102712.0
9363,1082,822,51,11,2022,9,7,villeneuve,0.0
9371,1082,849,3,19,2022,9,7,villeneuve,0.0
9370,1082,840,117,18,2022,9,7,villeneuve,0.0
9369,1082,20,117,17,2022,9,7,villeneuve,0.0
9368,1082,842,213,16,2022,9,7,villeneuve,0.0
9367,1082,844,6,15,2022,9,7,villeneuve,0.0
9366,1082,846,1,14,2022,9,7,villeneuve,0.0
9365,1082,815,9,13,2022,9,7,villeneuve,0.0
9364,1082,848,3,12,2022,9,7,villeneuve,0.0
9372,1082,852,213,20,2022,9,7,villeneuve,0.0
9362,1082,855,51,10,2022,9,7,villeneuve,84030.0
9360,1082,847,131,8,2022,9,7,villeneuve,83557.0
9359,1082,839,214,7,2022,9,7,villeneuve,83529.0
9358,1082,854,210,6,2022,9,7,villeneuve,83356.0
9357,1082,825,210,5,2022,9,7,villeneuve,82960.0
9356,1082,1,131,4,2022,9,7,villeneuve,82891.0
9355,1082,832,6,3,2022,9,7,villeneuve,82096.0
9354,1082,4,214,2,2022,9,7,villeneuve,81944.0
9353,1082,830,9,1,2022,9,7,villeneuve,81299.0
9361,1082,817,1,9,2022,9,7,villeneuve,83749.0
9385,1083,852,213,13,2022,10,9,silverstone,0.0
9386,1083,817,1,14,2022,10,9,silverstone,0.0
9387,1083,839,214,15,2022,10,9,silverstone,0.0
9384,1083,822,51,12,2022,10,9,silverstone,0.0
9389,1083,825,210,17,2022,10,9,silverstone,0.0
9390,1083,20,117,18,2022,10,9,silverstone,0.0
9391,1083,854,210,19,2022,10,9,silverstone,0.0
9388,1083,848,3,16,2022,10,9,silverstone,0.0
9383,1083,842,213,11,2022,10,9,silverstone,0.0
9392,1083,840,117,20,2022,10,9,silverstone,0.0
9381,1083,855,51,9,2022,10,9,silverstone,102719.0
9373,1083,832,6,1,2022,10,9,silverstone,100983.0
9374,1083,830,9,2,2022,10,9,silverstone,101055.0
9375,1083,844,6,3,2022,10,9,silverstone,101298.0
9376,1083,815,9,4,2022,10,9,silverstone,101616.0
9382,1083,849,3,10,2022,10,9,silverstone,123095.0
9378,1083,846,1,6,2022,10,9,silverstone,102084.0
9379,1083,4,214,7,2022,10,9,silverstone,102116.0
9380,1083,847,131,8,2022,10,9,silverstone,102161.0
9377,1083,1,131,5,2022,10,9,silverstone,101995.0
9412,1084,20,117,20,2022,11,70,red_bull_ring,0.0
9411,1084,849,3,19,2022,11,70,red_bull_ring,0.0
9410,1084,855,51,18,2022,11,70,red_bull_ring,0.0
9409,1084,840,117,17,2022,11,70,red_bull_ring,0.0
9408,1084,817,1,16,2022,11,70,red_bull_ring,0.0
9407,1084,846,1,15,2022,11,70,red_bull_ring,0.0
9406,1084,852,213,14,2022,11,70,red_bull_ring,0.0
9404,1084,822,51,12,2022,11,70,red_bull_ring,0.0
9403,1084,848,3,11,2022,11,70,red_bull_ring,0.0
9405,1084,815,9,13,2022,11,70,red_bull_ring,0.0
9401,1084,1,131,9,2022,11,70,red_bull_ring,73151.0
9393,1084,830,9,1,2022,11,70,red_bull_ring,64983.99999999999
9394,1084,844,6,2,2022,11,70,red_bull_ring,65013.00000000001
9395,1084,832,6,3,2022,11,70,red_bull_ring,65066.0
9396,1084,847,131,4,2022,11,70,red_bull_ring,65431.0
9402,1084,842,213,10,2022,11,70,red_bull_ring,0.0
9398,1084,825,210,6,2022,11,70,red_bull_ring,65879.0
9399,1084,854,210,7,2022,11,70,red_bull_ring,66011.0
9400,1084,4,214,8,2022,11,70,red_bull_ring,66103.0
9397,1084,839,214,5,2022,11,70,red_bull_ring,65726.0
9423,1085,817,1,11,2022,12,34,ricard,0.0
9431,1085,854,210,19,2022,12,34,ricard,0.0
9430,1085,855,51,18,2022,12,34,ricard,0.0
9429,1085,840,117,17,2022,12,34,ricard,0.0
9428,1085,842,213,16,2022,12,34,ricard,0.0
9427,1085,848,3,15,2022,12,34,ricard,0.0
9426,1085,20,117,14,2022,12,34,ricard,0.0
9425,1085,822,51,13,2022,12,34,ricard,0.0
9424,1085,839,214,12,2022,12,34,ricard,0.0
9432,1085,849,3,20,2022,12,34,ricard,0.0
9422,1085,825,210,10,2022,12,34,ricard,0.0
9420,1085,852,213,8,2022,12,34,ricard,92780.0
9413,1085,844,6,1,2022,12,34,ricard,90872.0
9414,1085,830,9,2,2022,12,34,ricard,91176.0
9415,1085,815,9,3,2022,12,34,ricard,91335.0
9421,1085,832,6,9,2022,12,34,ricard,0.0
9417,1085,846,1,5,2022,12,34,ricard,92032.0
9418,1085,847,131,6,2022,12,34,ricard,92131.0
9419,1085,4,214,7,2022,12,34,ricard,92552.0
9416,1085,1,131,4,2022,12,34,ricard,91765.0
9452,1086,849,3,20,2022,13,11,hungaroring,0.0
9443,1086,815,9,11,2022,13,11,hungaroring,0.0
9450,1086,20,117,18,2022,13,11,hungaroring,0.0
9449,1086,848,3,17,2022,13,11,hungaroring,0.0
9448,1086,852,213,16,2022,13,11,hungaroring,0.0
9447,1086,854,210,15,2022,13,11,hungaroring,0.0
9446,1086,840,117,14,2022,13,11,hungaroring,0.0
9445,1086,825,210,13,2022,13,11,hungaroring,0.0
9444,1086,855,51,12,2022,13,11,hungaroring,0.0
9451,1086,842,213,19,2022,13,11,hungaroring,0.0
9442,1086,830,9,10,2022,13,11,hungaroring,78823.0
9440,1086,822,51,8,2022,13,11,hungaroring,78157.0
9439,1086,1,131,7,2022,13,11,hungaroring,78142.0
9438,1086,4,214,6,2022,13,11,hungaroring,78078.0
9437,1086,839,214,5,2022,13,11,hungaroring,78018.0
9436,1086,846,1,4,2022,13,11,hungaroring,77769.0
9435,1086,844,6,3,2022,13,11,hungaroring,77567.0
9434,1086,832,6,2,2022,13,11,hungaroring,77421.0
9433,1086,847,131,1,2022,13,11,hungaroring,77377.0
9441,1086,817,1,9,2022,13,11,hungaroring,78379.0
9466,1087,840,117,14,2022,14,13,spa,0.0
9467,1087,854,210,15,2022,14,13,spa,0.0
9468,1087,20,117,16,2022,14,13,spa,0.0
9465,1087,855,51,13,2022,14,13,spa,0.0
9470,1087,825,210,18,2022,14,13,spa,0.0
9471,1087,852,213,19,2022,14,13,spa,0.0
9472,1087,822,51,20,2022,14,13,spa,0.0
9469,1087,849,3,17,2022,14,13,spa,0.0
9464,1087,842,213,12,2022,14,13,spa,0.0
9463,1087,817,1,11,2022,14,13,spa,0.0
9453,1087,830,9,1,2022,14,13,spa,103665.0
9461,1087,848,3,9,2022,14,13,spa,105837.0
9460,1087,847,131,8,2022,14,13,spa,105776.0
9459,1087,1,131,7,2022,14,13,spa,105503.0
9458,1087,4,214,6,2022,14,13,spa,105368.0
9457,1087,839,214,5,2022,14,13,spa,105180.0
9456,1087,844,6,4,2022,14,13,spa,104553.0
9455,1087,815,9,3,2022,14,13,spa,104462.0
9454,1087,832,6,2,2022,14,13,spa,104297.0
9462,1087,846,1,10,2022,14,13,spa,106178.0
9485,1088,4,214,13,2022,15,39,zandvoort,0.0
9486,1088,855,51,14,2022,15,39,zandvoort,0.0
9487,1088,848,3,15,2022,15,39,zandvoort,0.0
9492,1088,849,3,20,2022,15,39,zandvoort,0.0
9490,1088,825,210,18,2022,15,39,zandvoort,0.0
9491,1088,20,117,19,2022,15,39,zandvoort,0.0
9484,1088,839,214,12,2022,15,39,zandvoort,0.0
9488,1088,822,51,16,2022,15,39,zandvoort,0.0
9483,1088,842,213,11,2022,15,39,zandvoort,0.0
9489,1088,817,1,17,2022,15,39,zandvoort,0.0
9481,1088,852,213,9,2022,15,39,zandvoort,72556.0
9480,1088,854,210,8,2022,15,39,zandvoort,71442.0
9479,1088,846,1,7,2022,15,39,zandvoort,71174.0
9478,1088,847,131,6,2022,15,39,zandvoort,71147.0
9477,1088,815,9,5,2022,15,39,zandvoort,71077.0
9476,1088,1,131,4,2022,15,39,zandvoort,70648.0
9473,1088,830,9,1,2022,15,39,zandvoort,70342.0
9475,1088,832,6,3,2022,15,39,zandvoort,70434.0
9474,1088,844,6,2,2022,15,39,zandvoort,70363.0
9482,1088,840,117,10,2022,15,39,zandvoort,0.0
9505,1089,856,3,13,2022,16,14,monza,0.0
9506,1089,855,51,14,2022,16,14,monza,0.0
9507,1089,852,213,15,2022,16,14,monza,0.0
9512,1089,854,210,20,2022,16,14,monza,0.0
9509,1089,20,117,17,2022,16,14,monza,0.0
9510,1089,840,117,18,2022,16,14,monza,0.0
9511,1089,825,210,19,2022,16,14,monza,0.0
9504,1089,822,51,12,2022,16,14,monza,0.0
9508,1089,849,3,16,2022,16,14,monza,0.0
9503,1089,839,214,11,2022,16,14,monza,0.0
9499,1089,846,1,7,2022,16,14,monza,81584.0
9501,1089,842,213,9,2022,16,14,monza,82648.0
9500,1089,817,1,8,2022,16,14,monza,81925.0
9498,1089,847,131,6,2022,16,14,monza,81542.0
9497,1089,1,131,5,2022,16,14,monza,81524.0
9496,1089,815,9,4,2022,16,14,monza,81206.0
9495,1089,832,6,3,2022,16,14,monza,80429.0
9494,1089,830,9,2,2022,16,14,monza,80306.0
9493,1089,844,6,1,2022,16,14,monza,80161.0
9502,1089,4,214,10,2022,16,14,monza,0.0
9525,1091,854,210,13,2022,17,15,marina_bay,0.0
9526,1091,20,117,14,2022,17,15,marina_bay,0.0
9527,1091,855,51,15,2022,17,15,marina_bay,0.0
9532,1091,849,3,20,2022,17,15,marina_bay,0.0
9530,1091,839,214,18,2022,17,15,marina_bay,0.0
9531,1091,848,3,19,2022,17,15,marina_bay,0.0
9524,1091,840,117,12,2022,17,15,marina_bay,0.0
9528,1091,822,51,16,2022,17,15,marina_bay,0.0
9523,1091,847,131,11,2022,17,15,marina_bay,0.0
9529,1091,817,1,17,2022,17,15,marina_bay,0.0
9521,1091,825,210,9,2022,17,15,marina_bay,111573.0
9514,1091,815,9,2,2022,17,15,marina_bay,109434.0
9515,1091,1,131,3,2022,17,15,marina_bay,109466.0
9522,1091,852,213,10,2022,17,15,marina_bay,111983.0
9516,1091,832,6,4,2022,17,15,marina_bay,109583.0
9513,1091,844,6,1,2022,17,15,marina_bay,109412.0
9518,1091,846,1,6,2022,17,15,marina_bay,110584.0
9519,1091,842,213,7,2022,17,15,marina_bay,111211.0
9520,1091,830,9,8,2022,17,15,marina_bay,111395.0
9517,1091,4,214,5,2022,17,15,marina_bay,109966.0
9544,1092,822,51,12,2022,18,22,suzuka,0.0
9552,1092,849,3,20,2022,18,22,suzuka,0.0
9551,1092,840,117,19,2022,18,22,suzuka,0.0
9550,1092,825,210,18,2022,18,22,suzuka,0.0
9549,1092,842,213,17,2022,18,22,suzuka,0.0
9548,1092,848,3,16,2022,18,22,suzuka,0.0
9547,1092,854,210,15,2022,18,22,suzuka,0.0
9546,1092,855,51,14,2022,18,22,suzuka,0.0
9545,1092,852,213,13,2022,18,22,suzuka,0.0
9543,1092,817,1,11,2022,18,22,suzuka,0.0
9542,1092,846,1,10,2022,18,22,suzuka,91003.0
9541,1092,20,117,9,2022,18,22,suzuka,90554.0
9540,1092,847,131,8,2022,18,22,suzuka,90389.0
9539,1092,4,214,7,2022,18,22,suzuka,90322.0
9538,1092,1,131,6,2022,18,22,suzuka,90261.0
9537,1092,839,214,5,2022,18,22,suzuka,90165.0
9536,1092,815,9,4,2022,18,22,suzuka,89709.0
9535,1092,832,6,3,2022,18,22,suzuka,89361.0
9534,1092,844,6,2,2022,18,22,suzuka,89314.0
9533,1092,830,9,1,2022,18,22,suzuka,89304.0
9565,1093,842,213,13,2022,19,69,americas,0.0
9572,1093,849,3,20,2022,19,69,americas,0.0
9566,1093,855,51,14,2022,19,69,americas,0.0
9567,1093,852,213,15,2022,19,69,americas,0.0
9571,1093,854,210,19,2022,19,69,americas,0.0
9569,1093,817,1,17,2022,19,69,americas,0.0
9570,1093,839,214,18,2022,19,69,americas,0.0
9564,1093,20,117,12,2022,19,69,americas,0.0
9568,1093,825,210,16,2022,19,69,americas,0.0
9563,1093,848,3,11,2022,19,69,americas,0.0
9559,1093,840,117,7,2022,19,69,americas,95598.0
9561,1093,4,214,9,2022,19,69,americas,95876.0
9560,1093,846,1,8,2022,19,69,americas,95690.0
9558,1093,847,131,6,2022,19,69,americas,94988.0
9557,1093,1,131,5,2022,19,69,americas,94947.0
9556,1093,815,9,4,2022,19,69,americas,94645.0
9555,1093,830,9,3,2022,19,69,americas,94448.0
9554,1093,844,6,2,2022,19,69,americas,94421.0
9553,1093,832,6,1,2022,19,69,americas,94356.0
9562,1093,822,51,10,2022,19,69,americas,96319.0
9585,1094,852,213,13,2022,20,32,rodriguez,0.0
9586,1094,842,213,14,2022,20,32,rodriguez,0.0
9587,1094,825,210,15,2022,20,32,rodriguez,0.0
9591,1094,848,3,19,2022,20,32,rodriguez,0.0
9589,1094,20,117,17,2022,20,32,rodriguez,0.0
9590,1094,840,117,18,2022,20,32,rodriguez,0.0
9584,1094,855,51,12,2022,20,32,rodriguez,0.0
9592,1094,849,3,20,2022,20,32,rodriguez,0.0
9588,1094,854,210,16,2022,20,32,rodriguez,0.0
9583,1094,817,1,11,2022,20,32,rodriguez,0.0
9580,1094,846,1,8,2022,20,32,rodriguez,78721.0
9581,1094,4,214,9,2022,20,32,rodriguez,78939.0
9579,1094,844,6,7,2022,20,32,rodriguez,78555.0
9578,1094,822,51,6,2022,20,32,rodriguez,78401.0
9577,1094,832,6,5,2022,20,32,rodriguez,78351.0
9576,1094,815,9,4,2022,20,32,rodriguez,78128.0
9575,1094,1,131,3,2022,20,32,rodriguez,78084.0
9574,1094,847,131,2,2022,20,32,rodriguez,78079.0
9573,1094,830,9,1,2022,20,32,rodriguez,77775.0
9582,1094,839,214,10,2022,20,32,rodriguez,79010.0
9612,1095,840,117,15,2022,21,18,interlagos,0.0
9605,1095,20,117,13,2022,21,18,interlagos,0.0
9606,1095,817,1,14,2022,21,18,interlagos,0.0
9607,1095,849,3,16,2022,21,18,interlagos,0.0
9604,1095,842,213,12,2022,21,18,interlagos,0.0
9609,1095,822,51,18,2022,21,18,interlagos,0.0
9610,1095,852,213,19,2022,21,18,interlagos,0.0
9611,1095,854,210,20,2022,21,18,interlagos,0.0
9608,1095,855,51,17,2022,21,18,interlagos,0.0
9603,1095,848,3,11,2022,21,18,interlagos,0.0
9598,1095,839,214,6,2022,21,18,interlagos,72425.0
9601,1095,815,9,9,2022,21,18,interlagos,75601.0
9600,1095,1,131,8,2022,21,18,interlagos,72611.0
9599,1095,4,214,7,2022,21,18,interlagos,72504.0
9597,1095,832,6,5,2022,21,18,interlagos,72357.0
9596,1095,846,1,4,2022,21,18,interlagos,72263.0
9595,1095,847,131,3,2022,21,18,interlagos,72059.0
9594,1095,830,9,2,2022,21,18,interlagos,71877.0
9593,1095,825,210,1,2022,21,18,interlagos,71674.0
9602,1095,844,6,10,2022,21,18,interlagos,0.0
9625,1096,854,210,13,2022,22,24,yas_marina,0.0
9626,1096,840,117,14,2022,22,24,yas_marina,0.0
9627,1096,855,51,15,2022,22,24,yas_marina,0.0
9628,1096,825,210,16,2022,22,24,yas_marina,0.0
9632,1096,849,3,20,2022,22,24,yas_marina,0.0
9630,1096,822,51,18,2022,22,24,yas_marina,0.0
9631,1096,848,3,19,2022,22,24,yas_marina,0.0
9624,1096,852,213,12,2022,22,24,yas_marina,0.0
9629,1096,842,213,17,2022,22,24,yas_marina,0.0
9623,1096,4,214,11,2022,22,24,yas_marina,0.0
9622,1096,817,1,10,2022,22,24,yas_marina,85045.0
9621,1096,20,117,9,2022,22,24,yas_marina,84961.0
9614,1096,815,9,2,2022,22,24,yas_marina,84052.0
9615,1096,844,6,3,2022,22,24,yas_marina,84092.0
9616,1096,832,6,4,2022,22,24,yas_marina,84242.0
9613,1096,830,9,1,2022,22,24,yas_marina,83824.0
9618,1096,847,131,6,2022,22,24,yas_marina,84511.0
9619,1096,846,1,7,2022,22,24,yas_marina,84769.0
9620,1096,839,214,8,2022,22,24,yas_marina,84830.0
9617,1096,1,131,5,2022,22,24,yas_marina,84508.0
9645,1098,855,51,13,2023,1,3,bahrain,0.0
9652,1098,842,214,20,2023,1,3,bahrain,0.0
9651,1098,856,213,19,2023,1,3,bahrain,0.0
9650,1098,857,1,18,2023,1,3,bahrain,0.0
9649,1098,825,210,17,2023,1,3,bahrain,0.0
9648,1098,858,3,16,2023,1,3,bahrain,0.0
9647,1098,848,3,15,2023,1,3,bahrain,0.0
9646,1098,852,213,14,2023,1,3,bahrain,0.0
9644,1098,822,51,12,2023,1,3,bahrain,0.0
9643,1098,846,1,11,2023,1,3,bahrain,0.0
9633,1098,830,9,1,2023,1,3,bahrain,89708.0
9634,1098,815,9,2,2023,1,3,bahrain,89846.0
9635,1098,844,6,3,2023,1,3,bahrain,90000.0
9636,1098,832,6,4,2023,1,3,bahrain,90154.0
9637,1098,4,117,5,2023,1,3,bahrain,90336.0
9642,1098,807,210,10,2023,1,3,bahrain,0.0
9639,1098,1,131,7,2023,1,3,bahrain,90384.0
9640,1098,840,117,8,2023,1,3,bahrain,90836.0
9641,1098,839,214,9,2023,1,3,bahrain,90984.0
9638,1098,847,131,6,2023,1,3,bahrain,90340.0
9664,1099,855,51,12,2023,2,77,jeddah,0.0
9672,1099,858,3,20,2023,2,77,jeddah,0.0
9671,1099,846,1,19,2023,2,77,jeddah,0.0
9670,1099,856,213,18,2023,2,77,jeddah,0.0
9669,1099,848,3,17,2023,2,77,jeddah,0.0
9668,1099,852,213,16,2023,2,77,jeddah,0.0
9667,1099,830,9,15,2023,2,77,jeddah,0.0
9666,1099,822,51,14,2023,2,77,jeddah,0.0
9665,1099,825,210,13,2023,2,77,jeddah,0.0
9662,1099,842,214,10,2023,2,77,jeddah,89357.0
9659,1099,839,214,7,2023,2,77,jeddah,89078.0
9661,1099,857,1,9,2023,2,77,jeddah,89243.0
9660,1099,1,131,8,2023,2,77,jeddah,89223.0
9658,1099,840,117,6,2023,2,77,jeddah,88945.0
9657,1099,832,6,5,2023,2,77,jeddah,88931.0
9656,1099,847,131,4,2023,2,77,jeddah,88857.0
9655,1099,4,117,3,2023,2,77,jeddah,88730.0
9654,1099,844,6,2,2023,2,77,jeddah,88420.0
9653,1099,815,9,1,2023,2,77,jeddah,88265.0
9663,1099,807,210,11,2023,2,77,jeddah,0.0
9687,1100,856,213,15,2023,3,1,albert_park,0.0
9685,1100,846,1,13,2023,3,1,albert_park,0.0
9686,1100,825,210,14,2023,3,1,albert_park,0.0
9688,1100,857,1,16,2023,3,1,albert_park,0.0
9684,1100,852,213,12,2023,3,1,albert_park,0.0
9690,1100,858,3,18,2023,3,1,albert_park,0.0
9691,1100,822,51,19,2023,3,1,albert_park,0.0
9692,1100,815,9,20,2023,3,1,albert_park,0.0
9689,1100,855,51,17,2023,3,1,albert_park,0.0
9683,1100,839,214,11,2023,3,1,albert_park,0.0
9673,1100,830,9,1,2023,3,1,albert_park,76732.0
9681,1100,842,214,9,2023,3,1,albert_park,77675.0
9674,1100,847,131,2,2023,3,1,albert_park,76968.0
9675,1100,1,131,3,2023,3,1,albert_park,77104.0
9676,1100,4,117,4,2023,3,1,albert_park,77139.0
9682,1100,807,210,10,2023,3,1,albert_park,77735.0
9678,1100,840,117,6,2023,3,1,albert_park,77308.0
9679,1100,844,6,7,2023,3,1,albert_park,77369.0
9680,1100,848,3,8,2023,3,1,albert_park,77609.0
9677,1100,832,6,5,2023,3,1,albert_park,77270.0
9705,1101,848,3,13,2023,4,73,baku,0.0
9712,1101,856,213,20,2023,4,73,baku,0.0
9711,1101,842,214,19,2023,4,73,baku,0.0
9710,1101,825,210,18,2023,4,73,baku,0.0
9709,1101,807,210,17,2023,4,73,baku,0.0
9708,1101,855,51,16,2023,4,73,baku,0.0
9707,1101,858,3,15,2023,4,73,baku,0.0
9706,1101,822,51,14,2023,4,73,baku,0.0
9704,1101,839,214,12,2023,4,73,baku,0.0
9703,1101,847,131,11,2023,4,73,baku,0.0
9693,1101,844,6,1,2023,4,73,baku,100203.0
9701,1101,840,117,9,2023,4,73,baku,101611.0
9700,1101,852,213,8,2023,4,73,baku,101581.0
9699,1101,846,1,7,2023,4,73,baku,101281.0
9698,1101,4,117,6,2023,4,73,baku,101253.0
9697,1101,1,131,5,2023,4,73,baku,101177.0
9696,1101,832,6,4,2023,4,73,baku,101016.0
9695,1101,815,9,3,2023,4,73,baku,100495.0
9694,1101,830,9,2,2023,4,73,baku,100391.0
9702,1101,857,1,10,2023,4,73,baku,101611.0
9725,1102,1,131,13,2023,5,79,miami,0.0
9726,1102,855,51,14,2023,5,79,miami,0.0
9727,1102,856,213,15,2023,5,79,miami,0.0
9728,1102,846,1,16,2023,5,79,miami,0.0
9724,1102,807,210,12,2023,5,79,miami,0.0
9730,1102,840,117,18,2023,5,79,miami,0.0
9731,1102,857,1,19,2023,5,79,miami,0.0
9732,1102,858,3,20,2023,5,79,miami,0.0
9729,1102,852,213,17,2023,5,79,miami,0.0
9723,1102,848,3,11,2023,5,79,miami,0.0
9713,1102,815,9,1,2023,5,79,miami,86841.0
9721,1102,830,9,9,2023,5,79,miami,0.0
9720,1102,839,214,8,2023,5,79,miami,87935.0
9719,1102,844,6,7,2023,5,79,miami,87861.0
9718,1102,847,131,6,2023,5,79,miami,87804.0
9717,1102,842,214,5,2023,5,79,miami,87786.0
9716,1102,825,210,4,2023,5,79,miami,87767.0
9715,1102,832,6,3,2023,5,79,miami,87349.0
9714,1102,4,117,2,2023,5,79,miami,87202.0
9722,1102,822,51,10,2023,5,79,miami,0.0
9745,1104,848,3,13,2023,6,6,monaco,0.0
9746,1104,840,117,14,2023,6,6,monaco,0.0
9752,1104,815,9,20,2023,6,6,monaco,0.0
9747,1104,822,51,15,2023,6,6,monaco,0.0
9751,1104,855,51,19,2023,6,6,monaco,0.0
9749,1104,825,210,17,2023,6,6,monaco,0.0
9750,1104,807,210,18,2023,6,6,monaco,0.0
9744,1104,856,213,12,2023,6,6,monaco,0.0
9748,1104,858,3,16,2023,6,6,monaco,0.0
9743,1104,857,1,11,2023,6,6,monaco,0.0
9738,1104,1,131,6,2023,6,6,monaco,71725.0
9741,1104,852,213,9,2023,6,6,monaco,72082.0
9733,1104,830,9,1,2023,6,6,monaco,71365.0
9734,1104,4,117,2,2023,6,6,monaco,71449.0
9735,1104,844,6,3,2023,6,6,monaco,71471.0
9742,1104,846,1,10,2023,6,6,monaco,72254.0
9737,1104,832,6,5,2023,6,6,monaco,71630.0
9739,1104,842,214,7,2023,6,6,monaco,71933.0
9740,1104,847,131,8,2023,6,6,monaco,71964.0
9736,1104,839,214,4,2023,6,6,monaco,71553.0
9764,1105,847,131,12,2023,7,4,catalunya,0.0
9771,1105,844,6,19,2023,7,4,catalunya,0.0
9770,1105,848,3,18,2023,7,4,catalunya,0.0
9769,1105,825,210,17,2023,7,4,catalunya,0.0
9768,1105,822,51,16,2023,7,4,catalunya,0.0
9767,1105,852,213,15,2023,7,4,catalunya,0.0
9766,1105,856,213,14,2023,7,4,catalunya,0.0
9765,1105,855,51,13,2023,7,4,catalunya,0.0
9763,1105,815,9,11,2023,7,4,catalunya,0.0
9772,1105,858,3,20,2023,7,4,catalunya,0.0
9761,1105,4,117,9,2023,7,4,catalunya,73507.0
9753,1105,830,9,1,2023,7,4,catalunya,72272.0
9754,1105,832,6,2,2023,7,4,catalunya,72734.0
9755,1105,846,1,3,2023,7,4,catalunya,72792.0
9756,1105,842,214,4,2023,7,4,catalunya,72816.0
9762,1105,857,1,10,2023,7,4,catalunya,73682.0
9758,1105,840,117,6,2023,7,4,catalunya,72994.0
9759,1105,839,214,7,2023,7,4,catalunya,73083.0
9760,1105,807,210,8,2023,7,4,catalunya,73229.0
9757,1105,1,131,5,2023,7,4,catalunya,72818.0
9783,1106,844,6,11,2023,8,7,villeneuve,0.0
9791,1106,858,3,19,2023,8,7,villeneuve,0.0
9790,1106,856,213,18,2023,8,7,villeneuve,0.0
9789,1106,842,214,17,2023,8,7,villeneuve,0.0
9788,1106,852,213,16,2023,8,7,villeneuve,0.0
9787,1106,822,51,15,2023,8,7,villeneuve,0.0
9786,1106,825,210,14,2023,8,7,villeneuve,0.0
9785,1106,840,117,13,2023,8,7,villeneuve,0.0
9784,1106,815,9,12,2023,8,7,villeneuve,0.0
9792,1106,855,51,20,2023,8,7,villeneuve,0.0
9782,1106,848,3,10,2023,8,7,villeneuve,0.0
9780,1106,832,6,8,2023,8,7,villeneuve,89294.0
9779,1106,846,1,7,2023,8,7,villeneuve,88046.0
9778,1106,839,214,6,2023,8,7,villeneuve,87945.0
9777,1106,847,131,5,2023,8,7,villeneuve,87893.0
9776,1106,1,131,4,2023,8,7,villeneuve,87627.0
9775,1106,4,117,3,2023,8,7,villeneuve,87286.0
9774,1106,807,210,2,2023,8,7,villeneuve,87102.0
9773,1106,830,9,1,2023,8,7,villeneuve,85858.0
9781,1106,857,1,9,2023,8,7,villeneuve,91349.0
9805,1107,857,1,13,2023,9,70,red_bull_ring,0.0
9806,1107,822,51,14,2023,9,70,red_bull_ring,0.0
9807,1107,815,9,15,2023,9,70,red_bull_ring,0.0
9804,1107,839,214,12,2023,9,70,red_bull_ring,0.0
9809,1107,855,51,17,2023,9,70,red_bull_ring,0.0
9810,1107,858,3,18,2023,9,70,red_bull_ring,0.0
9811,1107,825,210,19,2023,9,70,red_bull_ring,0.0
9812,1107,856,213,20,2023,9,70,red_bull_ring,0.0
9803,1107,847,131,11,2023,9,70,red_bull_ring,0.0
9808,1107,852,213,16,2023,9,70,red_bull_ring,0.0
9801,1107,842,214,9,2023,9,70,red_bull_ring,65170.0
9793,1107,830,9,1,2023,9,70,red_bull_ring,64391.00000000001
9794,1107,844,6,2,2023,9,70,red_bull_ring,64438.99999999999
9795,1107,832,6,3,2023,9,70,red_bull_ring,64581.0
9796,1107,846,1,4,2023,9,70,red_bull_ring,64658.0
9802,1107,848,3,10,2023,9,70,red_bull_ring,65823.0
9798,1107,840,117,6,2023,9,70,red_bull_ring,64893.0
9799,1107,4,117,7,2023,9,70,red_bull_ring,64911.0
9800,1107,807,210,8,2023,9,70,red_bull_ring,65090.0
9797,1107,1,131,5,2023,9,70,red_bull_ring,64819.0
9824,1108,840,117,12,2023,10,9,silverstone,0.0
9832,1108,825,210,20,2023,10,9,silverstone,0.0
9831,1108,856,213,19,2023,10,9,silverstone,0.0
9830,1108,855,51,18,2023,10,9,silverstone,0.0
9829,1108,852,213,17,2023,10,9,silverstone,0.0
9828,1108,815,9,16,2023,10,9,silverstone,0.0
9827,1108,822,51,15,2023,10,9,silverstone,0.0
9826,1108,858,3,14,2023,10,9,silverstone,0.0
9825,1108,839,214,13,2023,10,9,silverstone,0.0
9823,1108,807,210,11,2023,10,9,silverstone,0.0
9822,1108,842,214,10,2023,10,9,silverstone,87689.0
9821,1108,4,117,9,2023,10,9,silverstone,87659.0
9820,1108,848,3,8,2023,10,9,silverstone,87530.0
9819,1108,1,131,7,2023,10,9,silverstone,87211.0
9818,1108,847,131,6,2023,10,9,silverstone,87155.0
9817,1108,832,6,5,2023,10,9,silverstone,87148.0
9816,1108,844,6,4,2023,10,9,silverstone,87136.0
9815,1108,857,1,3,2023,10,9,silverstone,87092.0
9814,1108,846,1,2,2023,10,9,silverstone,86961.0
9813,1108,830,9,1,2023,10,9,silverstone,86720.0
9845,1109,817,213,13,2023,11,11,hungaroring,0.0
9846,1109,840,117,14,2023,11,11,hungaroring,0.0
9847,1109,842,214,15,2023,11,11,hungaroring,0.0
9852,1109,858,3,20,2023,11,11,hungaroring,0.0
9851,1109,825,210,19,2023,11,11,hungaroring,0.0
9849,1109,852,213,17,2023,11,11,hungaroring,0.0
9850,1109,847,131,18,2023,11,11,hungaroring,0.0
9844,1109,839,214,12,2023,11,11,hungaroring,0.0
9848,1109,848,3,16,2023,11,11,hungaroring,0.0
9843,1109,832,6,11,2023,11,11,hungaroring,0.0
9837,1109,855,51,5,2023,11,11,hungaroring,76971.0
9841,1109,815,9,9,2023,11,11,hungaroring,77045.0
9840,1109,4,117,8,2023,11,11,hungaroring,77035.0
9839,1109,822,51,7,2023,11,11,hungaroring,77034.0
9838,1109,844,6,6,2023,11,11,hungaroring,76992.0
9836,1109,857,1,4,2023,11,11,hungaroring,76905.0
9835,1109,846,1,3,2023,11,11,hungaroring,76694.0
9834,1109,830,9,2,2023,11,11,hungaroring,76612.0
9833,1109,1,131,1,2023,11,11,hungaroring,76609.0
9842,1109,807,210,10,2023,11,11,hungaroring,77186.0
9864,1110,842,214,12,2023,12,13,spa,0.0
9865,1110,825,210,13,2023,12,13,spa,0.0
9866,1110,822,51,14,2023,12,13,spa,0.0
9870,1110,858,3,18,2023,12,13,spa,0.0
9868,1110,848,3,16,2023,12,13,spa,0.0
9869,1110,855,51,17,2023,12,13,spa,0.0
9863,1110,852,213,11,2023,12,13,spa,0.0
9867,1110,839,214,15,2023,12,13,spa,0.0
9862,1110,840,117,10,2023,12,13,spa,108841.0
9858,1110,857,1,6,2023,12,13,spa,107365.0
9860,1110,847,131,8,2023,12,13,spa,107805.0
9859,1110,846,1,7,2023,12,13,spa,107669.0
9857,1110,832,6,5,2023,12,13,spa,107152.0
9856,1110,1,131,4,2023,12,13,spa,107087.0
9855,1110,815,9,3,2023,12,13,spa,107045.0
9854,1110,844,6,2,2023,12,13,spa,106988.0
9853,1110,830,9,1,2023,12,13,spa,106168.0
9871,1110,817,213,19,2023,12,13,spa,0.0
9861,1110,4,117,9,2023,12,13,spa,107843.0
9872,1110,807,210,20,2023,12,13,spa,0.0
